{"MaxSprinklers":5,"Sprinklers":[{"IsInverted":true,"Number":1,"Name":"Zone pêché","TypicalProgram":{"Duration":"00:20:00","StartTime":"01:00:00"}},{"IsInverted":true,"Number":0,"Name":"Zone avant fruitiers","TypicalProgram":{"Duration":"00:20:00","StartTime":"01:30:00"}},{"IsInverted":true,"Number":2,"Name":"Zone jardin bacs","TypicalProgram":{"Duration":"00:20:00","StartTime":"02:00:00"}},{"IsInverted":true,"Number":3,"Name":"Zone arrière","TypicalProgram":{"Duration":"00:20:00","StartTime":"02:30:00"}},{"IsInverted":false,"Number":4,"Name":"Serre","TypicalProgram":{"Duration":"00:06:00","StartTime":"03:00:00"}}],"Settings":{"TimeZoneInfoId":"Central Europe Standard Time","ApiKey":"546cd1c3171ddc5c5c291f8c7035b9c2","Latitude":48.75056,"Longitude":2.298571,"Unit":1,"Language":12,"City":"Antony","TimeToCheck":"00:00:01","FullAutomationMode":true,"PrecipitationThresholdActuals":4.0,"PrecipitationThresholdForecast":3.0,"PrecipitationPercentForecast":50,"Name":"Sprinkler test"},"FuzzySprinklers":[{"TempMin":-100.0,"TempMax":10.3,"RainMax":0.02,"SprinklingMax":0.0},{"TempMin":10.0,"TempMax":15.0,"RainMax":1.0,"SprinklingMax":10.0},{"TempMin":15.0,"TempMax":20.0,"RainMax":3.0,"SprinklingMax":20.0},{"TempMin":20.0,"TempMax":25.0,"RainMax":4.0,"SprinklingMax":60.0},{"TempMin":25.0,"TempMax":30.0,"RainMax":4.0,"SprinklingMax":80.0},{"TempMin":30.0,"TempMax":100.0,"RainMax":4.0,"SprinklingMax":100.0}],"SprinklerPrograms":[{"DateTimeStart":"2019-04-23T01:00:00+03:00","Duration":"00:20:02","Number":1}],"SoilHumidity":null,"NeedToSprinkle":null}